id,title,category,views,published_at
10,연예 뉴스,Entertainment,2100,2025-11-06
4,스포츠 하이라이트,Sports,1500,2025-11-03
1,AI 기술 동향,IT,1200,2025-11-01
9,데이터 시각화 팁,IT,1020,2025-11-05
5,경제 전망,Economy,980,2025-11-03
12,국제 이슈 브리핑,World,870,2025-11-07
2,데이터 분석 입문,IT,850,2025-11-02
8,오늘의 날씨,Life,730,2025-11-05
3,미디어와 AI,Media,640,2025-11-02
7,지역 문화 행사,Culture,410,2025-11-04
